date_time,temp_c,date
2017-06-03T09:39:57Z,24.158,2017-06-03
2017-06-03T10:39:57Z,24.062,2017-06-03
2017-06-03T11:39:57Z,23.484,2017-06-03
2017-06-03T12:39:57Z,23.869,2017-06-03
2017-06-03T13:39:57Z,24.351,2017-06-03
2017-06-03T14:39:57Z,24.641,2017-06-03
2017-06-03T15:39:57Z,24.931,2017-06-03
2017-06-03T16:39:57Z,24.738,2017-06-03
2017-06-03T17:39:57Z,24.641,2017-06-03
2017-06-03T18:39:57Z,24.738,2017-06-03
2017-06-03T19:39:57Z,24.931,2017-06-03
2017-06-03T20:39:57Z,25.61,2017-06-03
2017-06-03T21:39:57Z,25.416,2017-06-03
2017-06-03T22:39:57Z,25.028,2017-06-03
2017-06-03T23:39:57Z,24.738,2017-06-03
2017-06-04T00:39:57Z,24.641,2017-06-04
2017-06-04T01:39:57Z,24.545,2017-06-04
2017-06-04T02:39:57Z,24.545,2017-06-04
2017-06-04T03:39:57Z,24.448,2017-06-04
2017-06-04T04:39:57Z,24.448,2017-06-04
2017-06-04T05:39:57Z,24.351,2017-06-04
2017-06-04T06:39:57Z,24.158,2017-06-04
2017-06-04T07:39:57Z,24.062,2017-06-04
2017-06-04T08:39:57Z,24.931,2017-06-04
2017-06-04T09:39:57Z,28.258,2017-06-04
2017-06-04T10:39:57Z,29.252,2017-06-04
2017-06-04T11:39:57Z,29.053,2017-06-04
2017-06-04T12:39:57Z,27.961,2017-06-04
2017-06-04T13:39:57Z,25.902,2017-06-04
2017-06-04T14:39:57Z,25.513,2017-06-04
2017-06-04T15:39:57Z,25.028,2017-06-04
2017-06-04T16:39:57Z,26,2017-06-04
2017-06-04T17:39:57Z,25.513,2017-06-04
2017-06-04T18:39:57Z,24.835,2017-06-04
2017-06-04T19:39:57Z,24.255,2017-06-04
2017-06-04T20:39:57Z,23.869,2017-06-04
2017-06-04T21:39:57Z,23.581,2017-06-04
2017-06-04T22:39:57Z,23.677,2017-06-04
2017-06-04T23:39:57Z,23.484,2017-06-04
2017-06-05T00:39:57Z,23.292,2017-06-05
2017-06-05T01:39:57Z,23.196,2017-06-05
2017-06-05T02:39:57Z,22.621,2017-06-05
2017-06-05T03:39:57Z,22.717,2017-06-05
2017-06-05T04:39:57Z,22.525,2017-06-05
2017-06-05T05:39:57Z,21.855,2017-06-05
2017-06-05T06:39:57Z,22.812,2017-06-05
2017-06-05T07:39:57Z,26.39,2017-06-05
2017-06-05T08:39:57Z,28.159,2017-06-05
2017-06-05T09:39:57Z,29.953,2017-06-05
2017-06-05T10:39:57Z,30.963,2017-06-05
2017-06-05T11:39:57Z,32.188,2017-06-05
2017-06-05T12:39:57Z,31.676,2017-06-05
2017-06-05T13:39:57Z,32.497,2017-06-05
2017-06-05T14:39:57Z,32.704,2017-06-05
2017-06-05T15:39:57Z,33.848,2017-06-05
2017-06-05T16:39:57Z,33.43,2017-06-05
2017-06-05T17:39:57Z,31.166,2017-06-05
2017-06-05T18:39:57Z,29.352,2017-06-05
2017-06-05T19:39:57Z,26.683,2017-06-05
2017-06-05T20:39:57Z,25.416,2017-06-05
2017-06-05T21:39:57Z,24.931,2017-06-05
2017-06-05T22:39:57Z,24.448,2017-06-05
2017-06-05T23:39:57Z,24.062,2017-06-05
2017-06-06T00:39:57Z,23.773,2017-06-06
2017-06-06T01:39:57Z,23.581,2017-06-06
2017-06-06T02:39:57Z,23.196,2017-06-06
2017-06-06T03:39:57Z,23.1,2017-06-06
2017-06-06T04:39:57Z,23.196,2017-06-06
2017-06-06T05:39:57Z,23.388,2017-06-06
2017-06-06T06:39:57Z,23.966,2017-06-06
2017-06-06T07:39:57Z,26.977,2017-06-06
2017-06-06T08:39:57Z,28.258,2017-06-06
2017-06-06T09:39:57Z,31.268,2017-06-06
2017-06-06T10:39:57Z,34.374,2017-06-06
2017-06-06T11:39:57Z,35.542,2017-06-06
2017-06-06T12:39:57Z,36.837,2017-06-06
2017-06-06T13:39:57Z,36.403,2017-06-06
2017-06-06T14:39:57Z,38.268,2017-06-06
2017-06-06T15:39:57Z,37.274,2017-06-06
2017-06-06T16:39:57Z,34.585,2017-06-06
2017-06-06T17:39:57Z,31.676,2017-06-06
2017-06-06T18:39:57Z,27.468,2017-06-06
2017-06-06T19:39:57Z,25.125,2017-06-06
2017-06-06T20:39:57Z,24.738,2017-06-06
2017-06-06T21:39:57Z,24.545,2017-06-06
2017-06-06T22:39:57Z,24.255,2017-06-06
2017-06-06T23:39:57Z,23.869,2017-06-06
2017-06-07T00:39:57Z,23.484,2017-06-07
2017-06-07T01:39:57Z,23.388,2017-06-07
2017-06-07T02:39:57Z,23.004,2017-06-07
2017-06-07T03:39:57Z,23.1,2017-06-07
2017-06-07T04:39:57Z,23.1,2017-06-07
2017-06-07T05:39:57Z,23.292,2017-06-07
2017-06-07T06:39:57Z,23.677,2017-06-07
2017-06-07T07:39:57Z,24.255,2017-06-07
2017-06-07T08:39:57Z,26.488,2017-06-07
2017-06-07T09:39:57Z,29.252,2017-06-07
2017-06-07T10:39:57Z,31.37,2017-06-07
2017-06-07T11:39:57Z,32.086,2017-06-07
2017-06-07T12:39:57Z,30.356,2017-06-07
2017-06-07T13:39:57Z,28.555,2017-06-07
2017-06-07T14:39:57Z,29.152,2017-06-07
2017-06-07T15:39:57Z,27.961,2017-06-07
2017-06-07T16:39:57Z,28.754,2017-06-07
2017-06-07T17:39:57Z,27.272,2017-06-07
2017-06-07T18:39:57Z,26.488,2017-06-07
2017-06-07T19:39:57Z,25.125,2017-06-07
2017-06-07T20:39:57Z,24.545,2017-06-07
2017-06-07T21:39:57Z,24.158,2017-06-07
2017-06-07T22:39:57Z,23.869,2017-06-07
2017-06-07T23:39:57Z,23.773,2017-06-07
2017-06-08T00:39:57Z,23.677,2017-06-08
2017-06-08T01:39:57Z,23.388,2017-06-08
2017-06-08T02:39:57Z,23.484,2017-06-08
2017-06-08T03:39:57Z,23.869,2017-06-08
2017-06-08T04:39:57Z,23.773,2017-06-08
2017-06-08T05:39:57Z,23.773,2017-06-08
2017-06-08T06:39:57Z,24.351,2017-06-08
2017-06-08T07:39:57Z,24.931,2017-06-08
2017-06-08T08:39:57Z,27.862,2017-06-08
2017-06-08T09:39:57Z,29.552,2017-06-08
2017-06-08T10:39:57Z,29.853,2017-06-08
2017-06-08T11:39:57Z,29.953,2017-06-08
2017-06-08T12:39:57Z,32.188,2017-06-08
2017-06-08T13:39:57Z,32.704,2017-06-08
2017-06-08T14:39:57Z,32.188,2017-06-08
2017-06-08T15:39:57Z,29.053,2017-06-08
2017-06-08T16:39:57Z,25.61,2017-06-08
2017-06-08T17:39:57Z,23.388,2017-06-08
2017-06-08T18:39:57Z,22.812,2017-06-08
2017-06-08T19:39:57Z,22.717,2017-06-08
2017-06-08T20:39:57Z,22.812,2017-06-08
2017-06-08T21:39:57Z,22.908,2017-06-08
2017-06-08T22:39:57Z,22.717,2017-06-08
2017-06-08T23:39:57Z,22.717,2017-06-08
2017-06-09T00:39:57Z,22.812,2017-06-09
2017-06-09T01:39:57Z,22.812,2017-06-09
2017-06-09T02:39:57Z,22.812,2017-06-09
2017-06-09T03:39:57Z,22.621,2017-06-09
2017-06-09T04:39:57Z,22.621,2017-06-09
2017-06-09T05:39:57Z,22.717,2017-06-09
2017-06-09T06:39:57Z,23.292,2017-06-09
2017-06-09T07:39:57Z,24.255,2017-06-09
2017-06-09T08:39:57Z,26.781,2017-06-09
2017-06-09T09:39:57Z,29.252,2017-06-09
2017-06-09T10:39:57Z,29.953,2017-06-09
2017-06-09T11:39:57Z,31.166,2017-06-09
2017-06-09T12:39:57Z,32.086,2017-06-09
2017-06-09T13:39:57Z,34.585,2017-06-09
2017-06-09T14:39:57Z,35.115,2017-06-09
2017-06-09T15:39:57Z,31.778,2017-06-09
2017-06-09T16:39:57Z,26.683,2017-06-09
2017-06-09T17:39:57Z,27.567,2017-06-09
2017-06-09T18:39:57Z,27.665,2017-06-09
2017-06-09T19:39:57Z,24.931,2017-06-09
2017-06-09T20:39:57Z,24.062,2017-06-09
2017-06-09T21:39:57Z,23.773,2017-06-09
2017-06-09T22:39:57Z,23.388,2017-06-09
2017-06-09T23:39:57Z,23.292,2017-06-09
2017-06-10T00:39:57Z,23.292,2017-06-10
2017-06-10T01:39:57Z,23.388,2017-06-10
2017-06-10T02:39:57Z,23.292,2017-06-10
2017-06-10T03:39:57Z,23.484,2017-06-10
2017-06-10T04:39:57Z,23.388,2017-06-10
2017-06-10T05:39:57Z,23.292,2017-06-10
2017-06-10T06:39:57Z,23.677,2017-06-10
2017-06-10T07:39:57Z,25.416,2017-06-10
2017-06-10T08:39:57Z,27.665,2017-06-10
2017-06-10T09:39:57Z,30.054,2017-06-10
2017-06-10T10:39:57Z,31.37,2017-06-10
2017-06-10T11:39:57Z,34.479,2017-06-10
2017-06-10T12:39:57Z,35.328,2017-06-10
2017-06-10T13:39:57Z,34.374,2017-06-10
2017-06-10T14:39:57Z,36.837,2017-06-10
2017-06-10T15:39:57Z,35.542,2017-06-10
2017-06-10T16:39:57Z,36.728,2017-06-10
2017-06-10T17:39:57Z,35.009,2017-06-10
2017-06-10T18:39:57Z,31.983,2017-06-10
2017-06-10T19:39:57Z,26.879,2017-06-10
2017-06-10T20:39:57Z,25.805,2017-06-10
2017-06-10T21:39:57Z,24.835,2017-06-10
2017-06-10T22:39:57Z,24.062,2017-06-10
2017-06-10T23:39:57Z,23.773,2017-06-10
2017-06-11T00:39:57Z,23.292,2017-06-11
2017-06-11T01:39:57Z,22.908,2017-06-11
2017-06-11T02:39:57Z,22.621,2017-06-11
2017-06-11T03:39:57Z,22.429,2017-06-11
2017-06-11T04:39:57Z,22.908,2017-06-11
2017-06-11T05:39:57Z,22.525,2017-06-11
2017-06-11T06:39:57Z,24.351,2017-06-11
2017-06-11T07:39:57Z,28.853,2017-06-11
2017-06-11T08:39:57Z,31.37,2017-06-11
2017-06-11T09:39:57Z,32.807,2017-06-11
2017-06-11T10:39:57Z,34.585,2017-06-11
2017-06-11T11:39:57Z,34.479,2017-06-11
2017-06-11T12:39:57Z,37.714,2017-06-11
2017-06-11T13:39:57Z,37.494,2017-06-11
2017-06-11T14:39:57Z,39.276,2017-06-11
2017-06-11T15:39:57Z,37.714,2017-06-11
2017-06-11T16:39:57Z,35.328,2017-06-11
2017-06-11T17:39:57Z,32.497,2017-06-11
2017-06-11T18:39:57Z,29.452,2017-06-11
2017-06-11T19:39:57Z,28.357,2017-06-11
2017-06-11T20:39:57Z,27.862,2017-06-11
2017-06-11T21:39:57Z,27.665,2017-06-11
2017-06-11T22:39:57Z,24.738,2017-06-11
2017-06-11T23:39:57Z,24.255,2017-06-11
2017-06-12T00:39:57Z,23.773,2017-06-12
2017-06-12T01:39:57Z,23.484,2017-06-12
2017-06-12T02:39:57Z,23.484,2017-06-12
2017-06-12T03:39:57Z,23.581,2017-06-12
2017-06-12T04:39:57Z,23.581,2017-06-12
2017-06-12T05:39:57Z,23.484,2017-06-12
2017-06-12T06:39:57Z,24.062,2017-06-12
2017-06-12T09:39:57Z,31.676,2017-06-12
2017-06-12T10:39:57Z,33.326,2017-06-12
2017-06-12T11:39:57Z,34.058,2017-06-12
2017-06-12T12:39:57Z,33.43,2017-06-12
2017-06-12T13:39:57Z,33.222,2017-06-12
2017-06-12T14:39:57Z,34.163,2017-06-12
2017-06-12T15:39:57Z,37.165,2017-06-12
2017-06-12T16:39:57Z,32.497,2017-06-12
2017-06-12T17:39:57Z,29.552,2017-06-12
2017-06-12T18:39:57Z,28.456,2017-06-12
2017-06-12T19:39:57Z,27.468,2017-06-12
2017-06-12T20:39:57Z,27.075,2017-06-12
2017-06-12T21:39:57Z,26.488,2017-06-12
2017-06-12T22:39:57Z,25.805,2017-06-12
2017-06-12T23:39:57Z,25.125,2017-06-12
2017-06-13T00:39:57Z,24.835,2017-06-13
2017-06-13T01:39:57Z,24.351,2017-06-13
2017-06-13T02:39:57Z,23.869,2017-06-13
2017-06-13T03:39:57Z,23.677,2017-06-13
2017-06-13T04:39:57Z,23.581,2017-06-13
2017-06-13T05:39:57Z,23.581,2017-06-13
2017-06-13T06:39:57Z,24.351,2017-06-13
2017-06-13T07:39:57Z,25.805,2017-06-13
2017-06-13T08:39:57Z,28.754,2017-06-13
2017-06-13T09:39:57Z,30.255,2017-06-13
2017-06-13T10:39:57Z,30.659,2017-06-13
2017-06-13T11:39:57Z,31.983,2017-06-13
2017-06-13T12:39:57Z,30.558,2017-06-13
2017-06-13T13:39:57Z,26.292,2017-06-13
2017-06-13T14:39:57Z,26.195,2017-06-13
2017-06-13T15:39:57Z,26.879,2017-06-13
2017-06-13T16:39:57Z,26.879,2017-06-13
2017-06-13T17:39:57Z,26.488,2017-06-13
2017-06-13T18:39:57Z,26,2017-06-13
2017-06-13T19:39:57Z,25.125,2017-06-13
2017-06-13T20:39:57Z,24.738,2017-06-13
2017-06-13T21:39:57Z,24.545,2017-06-13
2017-06-13T22:39:57Z,24.545,2017-06-13
2017-06-13T23:39:57Z,24.448,2017-06-13
2017-06-14T00:39:57Z,24.448,2017-06-14
2017-06-14T01:39:57Z,24.351,2017-06-14
2017-06-14T02:39:57Z,24.158,2017-06-14
2017-06-14T03:39:57Z,23.869,2017-06-14
2017-06-14T04:39:57Z,23.966,2017-06-14
2017-06-14T05:39:57Z,23.869,2017-06-14
2017-06-14T06:39:57Z,24.835,2017-06-14
2017-06-14T07:39:57Z,29.352,2017-06-14
2017-06-14T08:39:57Z,30.76,2017-06-14
2017-06-14T09:39:57Z,31.778,2017-06-14
2017-06-14T10:39:57Z,30.659,2017-06-14
2017-06-14T11:39:57Z,30.963,2017-06-14
2017-06-14T12:39:57Z,29.252,2017-06-14
2017-06-14T13:39:57Z,30.054,2017-06-14
2017-06-14T14:39:57Z,30.356,2017-06-14
2017-06-14T15:39:57Z,28.06,2017-06-14
2017-06-14T16:39:57Z,27.075,2017-06-14
2017-06-14T17:39:57Z,25.902,2017-06-14
2017-06-14T18:39:57Z,24.448,2017-06-14
2017-06-14T19:39:57Z,23.966,2017-06-14
2017-06-14T20:39:57Z,23.484,2017-06-14
2017-06-14T21:39:57Z,22.812,2017-06-14
2017-06-14T22:39:57Z,22.333,2017-06-14
2017-06-14T23:39:57Z,22.142,2017-06-14
2017-06-15T00:39:57Z,21.76,2017-06-15
2017-06-15T01:39:57Z,21.569,2017-06-15
2017-06-15T02:39:57Z,21.473,2017-06-15
2017-06-15T03:39:57Z,21.282,2017-06-15
2017-06-15T04:39:57Z,21.187,2017-06-15
2017-06-15T05:39:57Z,20.996,2017-06-15
2017-06-15T06:39:57Z,21.091,2017-06-15
2017-06-15T07:39:57Z,21.282,2017-06-15
2017-06-15T08:39:57Z,21.76,2017-06-15
2017-06-15T09:39:57Z,22.429,2017-06-15
2017-06-15T10:39:57Z,22.429,2017-06-15
2017-06-15T11:39:57Z,21.76,2017-06-15
2017-06-15T12:39:57Z,22.142,2017-06-15
2017-06-15T13:39:57Z,21.569,2017-06-15
2017-06-15T14:39:57Z,21.664,2017-06-15
2017-06-15T15:39:57Z,21.76,2017-06-15
2017-06-15T16:39:57Z,20.996,2017-06-15
2017-06-15T17:39:57Z,20.805,2017-06-15
2017-06-15T18:39:57Z,20.234,2017-06-15
2017-06-15T19:39:57Z,19.853,2017-06-15
2017-06-15T20:39:57Z,19.948,2017-06-15
2017-06-15T21:39:57Z,19.948,2017-06-15
2017-06-15T22:39:57Z,19.758,2017-06-15
2017-06-15T23:39:57Z,19.662,2017-06-15
2017-06-16T00:39:57Z,19.567,2017-06-16
2017-06-16T01:39:57Z,19.567,2017-06-16
2017-06-16T02:39:57Z,19.377,2017-06-16
2017-06-16T03:39:57Z,19.377,2017-06-16
2017-06-16T04:39:57Z,19.282,2017-06-16
2017-06-16T05:39:57Z,19.282,2017-06-16
2017-06-16T06:39:57Z,19.472,2017-06-16
2017-06-16T07:39:57Z,19.853,2017-06-16
2017-06-16T08:39:57Z,20.234,2017-06-16
2017-06-16T09:39:57Z,20.043,2017-06-16
2017-06-16T10:39:57Z,19.853,2017-06-16
2017-06-16T11:39:57Z,20.805,2017-06-16
2017-06-16T12:39:57Z,21.091,2017-06-16
2017-06-16T13:39:57Z,21.569,2017-06-16
2017-06-16T14:39:57Z,21.187,2017-06-16
2017-06-16T15:39:57Z,21.187,2017-06-16
2017-06-16T16:39:57Z,20.71,2017-06-16
2017-06-16T17:39:57Z,20.71,2017-06-16
2017-06-16T18:39:57Z,20.424,2017-06-16
2017-06-16T19:39:57Z,20.138,2017-06-16
2017-06-16T20:39:57Z,19.948,2017-06-16
2017-06-16T21:39:57Z,20.043,2017-06-16
2017-06-16T22:39:57Z,20.043,2017-06-16
2017-06-16T23:39:57Z,19.948,2017-06-16
2017-06-17T00:39:57Z,19.948,2017-06-17
2017-06-17T01:39:57Z,19.853,2017-06-17
2017-06-17T02:39:57Z,19.662,2017-06-17
2017-06-17T03:39:57Z,19.758,2017-06-17
2017-06-17T04:39:57Z,19.662,2017-06-17
2017-06-17T05:39:57Z,19.662,2017-06-17
2017-06-17T06:39:57Z,19.662,2017-06-17
2017-06-17T07:39:57Z,20.043,2017-06-17
2017-06-17T08:39:57Z,20.424,2017-06-17
2017-06-17T09:39:57Z,21.378,2017-06-17
2017-06-17T10:39:57Z,22.238,2017-06-17
2017-06-17T11:39:57Z,22.142,2017-06-17
2017-06-17T12:39:57Z,22.812,2017-06-17
2017-06-17T13:39:57Z,23.004,2017-06-17
2017-06-17T14:39:57Z,23.196,2017-06-17
2017-06-17T15:39:57Z,23.1,2017-06-17
2017-06-17T16:39:57Z,22.525,2017-06-17
2017-06-17T17:39:57Z,22.142,2017-06-17
2017-06-17T18:39:57Z,21.664,2017-06-17
2017-06-17T19:39:57Z,21.378,2017-06-17
2017-06-17T20:39:57Z,21.091,2017-06-17
2017-06-17T21:39:57Z,20.805,2017-06-17
2017-06-17T22:39:57Z,20.519,2017-06-17
2017-06-17T23:39:57Z,20.519,2017-06-17
2017-06-18T00:39:57Z,20.329,2017-06-18
2017-06-18T01:39:57Z,20.329,2017-06-18
2017-06-18T02:39:57Z,20.234,2017-06-18
2017-06-18T03:39:57Z,20.138,2017-06-18
2017-06-18T04:39:57Z,20.138,2017-06-18
2017-06-18T05:39:57Z,20.043,2017-06-18
2017-06-18T06:39:57Z,20.043,2017-06-18
2017-06-18T07:39:57Z,20.424,2017-06-18
2017-06-18T08:39:57Z,21.282,2017-06-18
2017-06-18T09:39:57Z,21.76,2017-06-18
2017-06-18T10:39:57Z,22.525,2017-06-18
2017-06-18T11:39:57Z,24.158,2017-06-18
2017-06-18T12:39:57Z,23.773,2017-06-18
2017-06-18T13:39:57Z,24.351,2017-06-18
2017-06-18T14:39:57Z,24.158,2017-06-18
2017-06-18T15:39:57Z,23.677,2017-06-18
2017-06-18T16:39:57Z,23.484,2017-06-18
2017-06-18T17:39:57Z,23.004,2017-06-18
2017-06-18T18:39:57Z,22.333,2017-06-18
2017-06-18T19:39:57Z,21.951,2017-06-18
2017-06-18T20:39:57Z,21.664,2017-06-18
2017-06-18T21:39:57Z,21.473,2017-06-18
2017-06-18T22:39:57Z,21.378,2017-06-18
2017-06-18T23:39:57Z,21.282,2017-06-18
2017-06-19T00:39:57Z,21.187,2017-06-19
2017-06-19T01:39:57Z,20.996,2017-06-19
2017-06-19T02:39:57Z,20.996,2017-06-19
2017-06-19T03:39:57Z,20.901,2017-06-19
2017-06-19T04:39:57Z,20.901,2017-06-19
2017-06-19T05:39:57Z,20.996,2017-06-19
2017-06-19T06:39:57Z,21.187,2017-06-19
2017-06-19T07:39:57Z,21.76,2017-06-19
2017-06-19T08:39:57Z,23.581,2017-06-19
2017-06-19T09:39:57Z,24.158,2017-06-19
2017-06-19T10:39:57Z,25.513,2017-06-19
2017-06-19T11:39:57Z,26.879,2017-06-19
2017-06-19T12:39:57Z,26.683,2017-06-19
2017-06-19T13:39:57Z,27.075,2017-06-19
2017-06-19T14:39:57Z,26.977,2017-06-19
2017-06-19T15:39:57Z,26,2017-06-19
2017-06-19T16:39:57Z,26.097,2017-06-19
2017-06-19T17:39:57Z,24.738,2017-06-19
2017-06-19T18:39:57Z,23.869,2017-06-19
2017-06-19T19:39:57Z,23.677,2017-06-19
2017-06-19T20:39:57Z,23.484,2017-06-19
2017-06-19T21:39:57Z,23.484,2017-06-19
2017-06-19T22:39:57Z,23.484,2017-06-19
2017-06-19T23:39:57Z,23.388,2017-06-19
2017-06-20T00:39:57Z,23.484,2017-06-20
2017-06-20T01:39:57Z,23.484,2017-06-20
2017-06-20T02:39:57Z,23.388,2017-06-20
2017-06-20T03:39:57Z,23.388,2017-06-20
2017-06-20T04:39:57Z,23.292,2017-06-20
2017-06-20T05:39:57Z,23.388,2017-06-20
2017-06-20T06:39:57Z,23.581,2017-06-20
2017-06-20T07:39:57Z,23.966,2017-06-20
2017-06-20T08:39:57Z,24.255,2017-06-20
2017-06-20T09:39:57Z,24.835,2017-06-20
2017-06-20T10:39:57Z,26.097,2017-06-20
2017-06-20T11:39:57Z,25.902,2017-06-20
2017-06-20T12:39:57Z,26.977,2017-06-20
2017-06-20T13:39:57Z,25.513,2017-06-20
2017-06-20T14:39:57Z,23.388,2017-06-20
2017-06-20T15:39:57Z,23.677,2017-06-20
2017-06-20T16:39:57Z,23.581,2017-06-20
2017-06-20T17:39:57Z,23.292,2017-06-20
2017-06-20T18:39:57Z,23.292,2017-06-20
2017-06-20T19:39:57Z,22.908,2017-06-20
2017-06-20T20:39:57Z,22.621,2017-06-20
2017-06-20T21:39:57Z,22.429,2017-06-20
2017-06-20T22:39:57Z,22.429,2017-06-20
2017-06-20T23:39:57Z,22.429,2017-06-20
2017-06-21T00:39:57Z,22.429,2017-06-21
2017-06-21T01:39:57Z,22.429,2017-06-21
2017-06-21T02:39:57Z,22.429,2017-06-21
2017-06-21T03:39:57Z,22.429,2017-06-21
2017-06-21T04:39:57Z,22.621,2017-06-21
2017-06-21T05:39:57Z,22.525,2017-06-21
2017-06-21T06:39:57Z,22.621,2017-06-21
2017-06-21T07:39:57Z,22.908,2017-06-21
2017-06-21T08:39:57Z,24.255,2017-06-21
2017-06-21T09:39:57Z,25.708,2017-06-21
2017-06-21T10:39:57Z,27.075,2017-06-21
2017-06-21T11:39:57Z,26.292,2017-06-21
2017-06-21T12:39:57Z,25.125,2017-06-21
2017-06-21T13:39:57Z,26.39,2017-06-21
2017-06-21T14:39:57Z,28.06,2017-06-21
2017-06-21T15:39:57Z,28.159,2017-06-21
2017-06-21T16:39:57Z,27.961,2017-06-21
2017-06-21T17:39:57Z,26.683,2017-06-21
2017-06-21T18:39:57Z,24.255,2017-06-21
2017-06-21T19:39:57Z,23.966,2017-06-21
2017-06-21T20:39:57Z,23.869,2017-06-21
2017-06-21T21:39:57Z,23.677,2017-06-21
2017-06-21T22:39:57Z,23.484,2017-06-21
2017-06-21T23:39:57Z,23.484,2017-06-21
2017-06-22T00:39:57Z,23.388,2017-06-22
2017-06-22T01:39:57Z,23.292,2017-06-22
2017-06-22T02:39:57Z,23.1,2017-06-22
2017-06-22T03:39:57Z,23.1,2017-06-22
2017-06-22T04:39:57Z,23.196,2017-06-22
2017-06-22T05:39:57Z,23.196,2017-06-22
2017-06-22T06:39:57Z,23.484,2017-06-22
2017-06-22T07:39:57Z,24.062,2017-06-22
2017-06-22T08:39:57Z,25.028,2017-06-22
2017-06-22T09:39:57Z,25.513,2017-06-22
2017-06-22T10:39:57Z,26.488,2017-06-22
2017-06-22T13:39:57Z,29.652,2017-06-22
2017-06-22T14:39:57Z,29.652,2017-06-22
2017-06-22T15:39:57Z,30.154,2017-06-22
2017-06-22T16:39:57Z,29.652,2017-06-22
2017-06-22T17:39:57Z,28.754,2017-06-22
2017-06-22T18:39:57Z,26.977,2017-06-22
2017-06-22T19:39:57Z,25.805,2017-06-22
2017-06-22T20:39:57Z,25.222,2017-06-22
2017-06-22T21:39:57Z,24.738,2017-06-22
2017-06-22T22:39:57Z,24.351,2017-06-22
2017-06-22T23:39:57Z,24.351,2017-06-22
2017-06-23T00:39:57Z,23.869,2017-06-23
2017-06-23T01:39:57Z,23.773,2017-06-23
2017-06-23T02:39:57Z,23.677,2017-06-23
2017-06-23T03:39:57Z,23.581,2017-06-23
2017-06-23T04:39:57Z,23.581,2017-06-23
2017-06-23T05:39:57Z,23.581,2017-06-23
2017-06-23T06:39:57Z,23.869,2017-06-23
2017-06-23T07:39:57Z,24.738,2017-06-23
2017-06-23T08:39:57Z,28.853,2017-06-23
2017-06-23T09:39:57Z,29.953,2017-06-23
2017-06-23T10:39:57Z,29.752,2017-06-23
2017-06-23T11:39:57Z,33.326,2017-06-23
2017-06-23T12:39:57Z,34.268,2017-06-23
2017-06-23T13:39:57Z,34.585,2017-06-23
2017-06-23T14:39:57Z,35.115,2017-06-23
2017-06-23T15:39:57Z,34.058,2017-06-23
2017-06-23T16:39:57Z,35.009,2017-06-23
2017-06-23T17:39:57Z,35.435,2017-06-23
2017-06-23T18:39:57Z,29.953,2017-06-23
2017-06-23T19:39:57Z,26.488,2017-06-23
2017-06-23T20:39:57Z,25.61,2017-06-23
2017-06-23T21:39:57Z,25.028,2017-06-23
2017-06-23T22:39:57Z,24.255,2017-06-23
2017-06-23T23:39:57Z,23.677,2017-06-23
2017-06-24T00:39:57Z,23.677,2017-06-24
2017-06-24T01:39:57Z,23.581,2017-06-24
2017-06-24T02:39:57Z,23.292,2017-06-24
2017-06-24T03:39:57Z,22.908,2017-06-24
2017-06-24T04:39:57Z,23.196,2017-06-24
2017-06-24T05:39:57Z,22.812,2017-06-24
2017-06-24T06:39:57Z,23.581,2017-06-24
2017-06-24T07:39:57Z,28.853,2017-06-24
2017-06-24T08:39:57Z,30.963,2017-06-24
2017-06-24T09:39:57Z,32.188,2017-06-24
2017-06-24T10:39:57Z,32.807,2017-06-24
2017-06-24T11:39:57Z,34.903,2017-06-24
2017-06-24T12:39:57Z,35.115,2017-06-24
2017-06-24T13:39:57Z,33.535,2017-06-24
2017-06-24T14:39:57Z,34.796,2017-06-24
2017-06-24T15:39:57Z,33.743,2017-06-24
2017-06-24T16:39:57Z,32.807,2017-06-24
2017-06-24T17:39:57Z,30.862,2017-06-24
2017-06-24T18:39:57Z,28.357,2017-06-24
2017-06-24T19:39:57Z,27.075,2017-06-24
2017-06-24T20:39:57Z,25.902,2017-06-24
2017-06-24T21:39:57Z,25.416,2017-06-24
2017-06-24T22:39:57Z,24.738,2017-06-24
2017-06-24T23:39:57Z,24.158,2017-06-24
2017-06-25T00:39:57Z,24.062,2017-06-25
2017-06-25T01:39:57Z,23.773,2017-06-25
2017-06-25T02:39:57Z,23.388,2017-06-25
2017-06-25T03:39:57Z,23.196,2017-06-25
2017-06-25T04:39:57Z,23.004,2017-06-25
2017-06-25T05:39:57Z,22.908,2017-06-25
2017-06-25T06:39:57Z,24.641,2017-06-25
2017-06-25T07:39:57Z,28.06,2017-06-25
2017-06-25T08:39:57Z,30.154,2017-06-25
2017-06-25T09:39:57Z,33.743,2017-06-25
2017-06-25T10:39:57Z,33.639,2017-06-25
2017-06-25T11:39:57Z,32.188,2017-06-25
2017-06-25T12:39:57Z,34.058,2017-06-25
2017-06-25T13:39:57Z,33.848,2017-06-25
2017-06-25T14:39:57Z,34.163,2017-06-25
2017-06-25T15:39:57Z,35.115,2017-06-25
2017-06-25T16:39:57Z,31.676,2017-06-25
2017-06-25T17:39:57Z,30.76,2017-06-25
2017-06-25T18:39:57Z,28.258,2017-06-25
2017-06-25T19:39:57Z,26.879,2017-06-25
2017-06-25T20:39:57Z,26.977,2017-06-25
2017-06-25T21:39:57Z,25.902,2017-06-25
2017-06-25T22:39:57Z,24.835,2017-06-25
2017-06-25T23:39:57Z,24.641,2017-06-25
2017-06-26T00:39:57Z,24.545,2017-06-26
2017-06-26T01:39:57Z,24.351,2017-06-26
2017-06-26T02:39:57Z,24.255,2017-06-26
2017-06-26T03:39:57Z,24.062,2017-06-26
2017-06-26T04:39:57Z,24.158,2017-06-26
2017-06-26T05:39:57Z,24.158,2017-06-26
2017-06-26T06:39:57Z,24.448,2017-06-26
2017-06-26T07:39:57Z,24.448,2017-06-26
2017-06-26T08:39:57Z,24.738,2017-06-26
2017-06-26T09:39:57Z,24.931,2017-06-26
2017-06-26T10:39:57Z,25.513,2017-06-26
2017-06-26T11:39:57Z,24.545,2017-06-26
2017-06-26T12:39:57Z,24.158,2017-06-26
2017-06-26T13:39:57Z,24.158,2017-06-26
2017-06-26T14:39:57Z,24.158,2017-06-26
2017-06-26T15:39:57Z,24.158,2017-06-26
2017-06-26T16:39:57Z,24.545,2017-06-26
2017-06-26T17:39:57Z,24.835,2017-06-26
2017-06-26T18:39:57Z,24.351,2017-06-26
2017-06-26T19:39:57Z,24.062,2017-06-26
2017-06-26T20:39:57Z,23.966,2017-06-26
2017-06-26T21:39:57Z,23.292,2017-06-26
2017-06-26T22:39:57Z,22.812,2017-06-26
2017-06-26T23:39:57Z,22.525,2017-06-26
2017-06-27T00:39:57Z,22.525,2017-06-27
2017-06-27T01:39:57Z,22.525,2017-06-27
2017-06-27T02:39:57Z,22.525,2017-06-27
2017-06-27T03:39:57Z,22.429,2017-06-27
2017-06-27T04:39:57Z,22.429,2017-06-27
2017-06-27T05:39:57Z,22.333,2017-06-27
2017-06-27T06:39:57Z,22.525,2017-06-27
2017-06-27T07:39:57Z,22.908,2017-06-27
2017-06-27T08:39:57Z,22.908,2017-06-27
2017-06-27T09:39:57Z,22.908,2017-06-27
2017-06-27T10:39:57Z,23.1,2017-06-27
2017-06-27T11:39:57Z,23.004,2017-06-27
2017-06-27T12:39:57Z,23.292,2017-06-27
2017-06-27T13:39:57Z,23.581,2017-06-27
2017-06-27T14:39:57Z,24.641,2017-06-27
2017-06-27T15:39:57Z,25.125,2017-06-27
2017-06-27T16:39:57Z,24.448,2017-06-27
2017-06-27T17:39:57Z,24.255,2017-06-27
2017-06-27T18:39:57Z,23.484,2017-06-27
2017-06-27T19:39:57Z,22.908,2017-06-27
2017-06-27T20:39:57Z,22.812,2017-06-27
2017-06-27T21:39:57Z,22.621,2017-06-27
2017-06-27T22:39:57Z,22.525,2017-06-27
2017-06-27T23:39:57Z,22.621,2017-06-27
2017-06-28T00:39:57Z,22.429,2017-06-28
2017-06-28T01:39:57Z,22.525,2017-06-28
2017-06-28T02:39:57Z,22.429,2017-06-28
2017-06-28T03:39:57Z,22.333,2017-06-28
2017-06-28T04:39:57Z,22.238,2017-06-28
2017-06-28T05:39:57Z,22.238,2017-06-28
2017-06-28T06:39:57Z,22.717,2017-06-28
2017-06-28T07:39:57Z,24.062,2017-06-28
2017-06-28T08:39:57Z,27.37,2017-06-28
2017-06-28T09:39:57Z,29.853,2017-06-28
2017-06-28T10:39:57Z,31.676,2017-06-28
2017-06-28T11:39:57Z,31.574,2017-06-28
2017-06-28T12:39:57Z,33.326,2017-06-28
2017-06-28T13:39:57Z,33.848,2017-06-28
2017-06-28T14:39:57Z,32.704,2017-06-28
2017-06-28T15:39:57Z,30.255,2017-06-28
2017-06-28T16:39:57Z,28.655,2017-06-28
2017-06-28T17:39:57Z,24.738,2017-06-28
2017-06-28T18:39:57Z,23.773,2017-06-28
2017-06-28T19:39:57Z,23.196,2017-06-28
2017-06-28T20:39:57Z,23.004,2017-06-28
2017-06-28T21:39:57Z,22.812,2017-06-28
2017-06-28T22:39:57Z,22.525,2017-06-28
2017-06-28T23:39:57Z,22.429,2017-06-28
2017-06-29T00:39:57Z,22.333,2017-06-29
2017-06-29T01:39:57Z,22.333,2017-06-29
2017-06-29T02:39:57Z,22.333,2017-06-29
2017-06-29T03:39:57Z,22.238,2017-06-29
2017-06-29T04:39:57Z,22.142,2017-06-29
2017-06-29T05:39:57Z,22.046,2017-06-29
2017-06-29T06:39:57Z,22.908,2017-06-29
2017-06-29T07:39:57Z,24.545,2017-06-29
2017-06-29T08:39:57Z,28.655,2017-06-29
2017-06-29T09:39:57Z,30.76,2017-06-29
2017-06-29T10:39:57Z,32.497,2017-06-29
2017-06-29T11:39:57Z,33.535,2017-06-29
2017-06-29T12:39:57Z,33.953,2017-06-29
2017-06-29T13:39:57Z,36.295,2017-06-29
2017-06-29T14:39:57Z,31.472,2017-06-29
2017-06-29T15:39:57Z,25.513,2017-06-29
2017-06-29T16:39:57Z,28.456,2017-06-29
2017-06-29T17:39:57Z,26.292,2017-06-29
2017-06-29T18:39:57Z,25.222,2017-06-29
2017-06-29T19:39:57Z,23.966,2017-06-29
2017-06-29T20:39:57Z,23.292,2017-06-29
2017-06-29T21:39:57Z,23.004,2017-06-29
2017-06-29T22:39:57Z,22.525,2017-06-29
2017-06-29T23:39:57Z,22.333,2017-06-29
2017-06-30T00:39:57Z,22.142,2017-06-30
2017-06-30T01:39:57Z,21.855,2017-06-30
2017-06-30T02:39:57Z,21.664,2017-06-30
2017-06-30T03:39:57Z,21.951,2017-06-30
2017-06-30T04:39:57Z,22.046,2017-06-30
2017-06-30T05:39:57Z,22.142,2017-06-30
2017-06-30T06:39:57Z,22.621,2017-06-30
2017-06-30T07:39:57Z,23.388,2017-06-30
2017-06-30T08:39:57Z,26.488,2017-06-30
2017-06-30T09:39:57Z,29.152,2017-06-30
2017-06-30T10:39:57Z,32.086,2017-06-30
2017-06-30T11:39:57Z,33.535,2017-06-30
2017-06-30T12:39:57Z,36.187,2017-06-30
2017-06-30T13:39:57Z,36.837,2017-06-30
2017-06-30T14:39:57Z,35.435,2017-06-30
2017-06-30T15:39:57Z,35.542,2017-06-30
2017-06-30T16:39:57Z,36.187,2017-06-30
2017-06-30T17:39:57Z,32.807,2017-06-30
2017-06-30T18:39:57Z,30.356,2017-06-30
2017-06-30T19:39:57Z,27.567,2017-06-30
2017-06-30T20:39:57Z,23.196,2017-06-30
2017-06-30T21:39:57Z,23.388,2017-06-30
2017-06-30T22:39:57Z,23.388,2017-06-30
2017-06-30T23:39:57Z,23.292,2017-06-30
2017-07-01T00:39:57Z,23.1,2017-07-01
2017-07-01T01:39:57Z,22.908,2017-07-01
2017-07-01T02:39:57Z,22.525,2017-07-01
2017-07-01T03:39:57Z,22.621,2017-07-01
2017-07-01T04:39:57Z,22.429,2017-07-01
2017-07-01T05:39:57Z,22.621,2017-07-01
2017-07-01T06:39:57Z,23.581,2017-07-01
2017-07-01T07:39:57Z,25.902,2017-07-01
2017-07-01T08:39:57Z,26.977,2017-07-01
2017-07-01T09:39:57Z,27.468,2017-07-01
2017-07-01T10:39:57Z,30.356,2017-07-01
2017-07-01T11:39:57Z,31.983,2017-07-01
2017-07-01T12:39:57Z,33.222,2017-07-01
2017-07-01T13:39:57Z,32.497,2017-07-01
2017-07-01T14:39:57Z,32.911,2017-07-01
2017-07-01T15:39:57Z,29.552,2017-07-01
2017-07-01T16:39:57Z,25.416,2017-07-01
2017-07-01T17:39:57Z,25.61,2017-07-01
2017-07-01T18:39:57Z,25.319,2017-07-01
2017-07-01T19:39:57Z,24.545,2017-07-01
2017-07-01T20:39:57Z,24.158,2017-07-01
2017-07-01T21:39:57Z,23.869,2017-07-01
2017-07-01T22:39:57Z,23.484,2017-07-01
2017-07-01T23:39:57Z,23.1,2017-07-01
2017-07-02T00:39:57Z,22.908,2017-07-02
2017-07-02T01:39:57Z,22.429,2017-07-02
2017-07-02T02:39:57Z,22.142,2017-07-02
2017-07-02T03:39:57Z,21.76,2017-07-02
2017-07-02T04:39:57Z,21.76,2017-07-02
2017-07-02T05:39:57Z,21.855,2017-07-02
2017-07-02T06:39:57Z,23.388,2017-07-02
2017-07-02T07:39:57Z,25.319,2017-07-02
2017-07-02T08:39:57Z,28.655,2017-07-02
2017-07-02T09:39:57Z,31.268,2017-07-02
2017-07-02T10:39:57Z,33.326,2017-07-02
2017-07-02T11:39:57Z,33.222,2017-07-02
2017-07-02T12:39:57Z,34.058,2017-07-02
2017-07-02T13:39:57Z,35.864,2017-07-02
2017-07-02T14:39:57Z,34.058,2017-07-02
2017-07-02T15:39:57Z,31.88,2017-07-02
2017-07-02T16:39:57Z,31.37,2017-07-02
2017-07-02T17:39:57Z,28.754,2017-07-02
2017-07-02T18:39:57Z,27.764,2017-07-02
2017-07-02T19:39:57Z,26,2017-07-02
2017-07-02T20:39:57Z,25.125,2017-07-02
2017-07-02T21:39:57Z,24.448,2017-07-02
2017-07-02T22:39:57Z,24.062,2017-07-02
2017-07-02T23:39:57Z,23.677,2017-07-02
2017-07-03T00:39:57Z,23.484,2017-07-03
2017-07-03T01:39:57Z,23.292,2017-07-03
2017-07-03T02:39:57Z,23.004,2017-07-03
2017-07-03T03:39:57Z,22.717,2017-07-03
2017-07-03T04:39:57Z,22.333,2017-07-03
2017-07-03T05:39:57Z,22.142,2017-07-03
2017-07-03T06:39:57Z,24.641,2017-07-03
2017-07-03T07:39:57Z,28.953,2017-07-03
2017-07-03T08:39:57Z,31.166,2017-07-03
2017-07-03T09:39:57Z,31.676,2017-07-03
2017-07-03T10:39:57Z,33.118,2017-07-03
2017-07-03T11:39:57Z,32.497,2017-07-03
2017-07-03T12:39:57Z,34.479,2017-07-03
2017-07-03T13:39:57Z,34.796,2017-07-03
2017-07-03T14:39:57Z,31.676,2017-07-03
2017-07-03T15:39:57Z,26.488,2017-07-03
2017-07-03T16:39:57Z,26.683,2017-07-03
2017-07-03T17:39:57Z,26.781,2017-07-03
2017-07-03T18:39:57Z,26.292,2017-07-03
2017-07-03T19:39:57Z,25.61,2017-07-03
2017-07-03T20:39:57Z,24.738,2017-07-03
2017-07-03T21:39:57Z,24.351,2017-07-03
2017-07-03T22:39:57Z,23.966,2017-07-03
2017-07-03T23:39:57Z,23.869,2017-07-03
2017-07-04T00:39:57Z,23.773,2017-07-04
2017-07-04T01:39:57Z,23.581,2017-07-04
2017-07-04T02:39:57Z,23.292,2017-07-04
2017-07-04T03:39:57Z,23.292,2017-07-04
2017-07-04T04:39:57Z,23.196,2017-07-04
2017-07-04T05:39:57Z,23.292,2017-07-04
2017-07-04T06:39:57Z,23.966,2017-07-04
2017-07-04T07:39:57Z,24.641,2017-07-04
2017-07-04T08:39:57Z,26,2017-07-04
2017-07-04T09:39:57Z,28.258,2017-07-04
2017-07-04T10:39:57Z,32.704,2017-07-04
2017-07-04T11:39:57Z,33.848,2017-07-04
2017-07-04T12:39:57Z,33.743,2017-07-04
2017-07-04T13:39:57Z,33.848,2017-07-04
2017-07-04T14:39:57Z,34.585,2017-07-04
2017-07-04T15:39:57Z,35.756,2017-07-04
2017-07-04T16:39:57Z,34.058,2017-07-04
2017-07-04T17:39:57Z,31.268,2017-07-04
2017-07-04T18:39:57Z,29.152,2017-07-04
2017-07-04T19:39:57Z,27.665,2017-07-04
2017-07-04T20:39:57Z,23.677,2017-07-04
2017-07-04T21:39:57Z,23.677,2017-07-04
2017-07-04T22:39:57Z,23.1,2017-07-04
2017-07-04T23:39:57Z,22.812,2017-07-04
2017-07-05T00:39:57Z,22.525,2017-07-05
2017-07-05T01:39:57Z,22.812,2017-07-05
2017-07-05T02:39:57Z,22.908,2017-07-05
2017-07-05T03:39:57Z,22.717,2017-07-05
2017-07-05T04:39:57Z,22.621,2017-07-05
2017-07-05T05:39:57Z,22.717,2017-07-05
2017-07-05T06:39:57Z,23.388,2017-07-05
2017-07-05T07:39:57Z,25.028,2017-07-05
2017-07-05T08:39:57Z,27.173,2017-07-05
2017-07-05T09:39:57Z,30.356,2017-07-05
2017-07-05T10:39:57Z,32.704,2017-07-05
2017-07-05T11:39:57Z,34.374,2017-07-05
2017-07-05T12:39:57Z,35.756,2017-07-05
2017-07-05T13:39:57Z,30.76,2017-07-05
2017-07-05T14:39:57Z,30.862,2017-07-05
2017-07-05T15:39:57Z,28.258,2017-07-05
2017-07-05T16:39:57Z,28.357,2017-07-05
2017-07-05T17:39:57Z,29.053,2017-07-05
2017-07-05T18:39:57Z,27.075,2017-07-05
2017-07-05T19:39:57Z,25.61,2017-07-05
2017-07-05T20:39:57Z,24.931,2017-07-05
2017-07-05T21:39:57Z,24.641,2017-07-05
2017-07-05T22:39:57Z,24.255,2017-07-05
2017-07-05T23:39:57Z,23.966,2017-07-05
2017-07-06T00:39:57Z,23.773,2017-07-06
2017-07-06T01:39:57Z,23.484,2017-07-06
2017-07-06T02:39:57Z,23.1,2017-07-06
2017-07-06T03:39:57Z,23.004,2017-07-06
2017-07-06T04:39:57Z,22.812,2017-07-06
2017-07-06T05:39:57Z,23.004,2017-07-06
2017-07-06T06:39:57Z,24.641,2017-07-06
2017-07-06T07:39:57Z,26.977,2017-07-06
2017-07-06T08:39:57Z,30.255,2017-07-06
2017-07-06T09:39:57Z,32.497,2017-07-06
2017-07-06T10:39:57Z,33.014,2017-07-06
2017-07-06T11:39:57Z,33.535,2017-07-06
2017-07-06T12:39:57Z,34.479,2017-07-06
2017-07-06T13:39:57Z,29.652,2017-07-06
2017-07-06T14:39:57Z,29.752,2017-07-06
2017-07-06T15:39:57Z,33.535,2017-07-06
2017-07-06T16:39:57Z,29.752,2017-07-06
2017-07-06T17:39:57Z,28.357,2017-07-06
2017-07-06T18:39:57Z,26.292,2017-07-06
2017-07-06T19:39:57Z,24.835,2017-07-06
2017-07-06T20:39:57Z,24.448,2017-07-06
2017-07-06T21:39:57Z,24.062,2017-07-06
2017-07-06T22:39:57Z,23.581,2017-07-06
2017-07-06T23:39:57Z,23.292,2017-07-06
2017-07-07T00:39:57Z,23.004,2017-07-07
2017-07-07T01:39:57Z,22.908,2017-07-07
2017-07-07T02:39:57Z,22.812,2017-07-07
2017-07-07T03:39:57Z,22.621,2017-07-07
2017-07-07T04:39:57Z,22.812,2017-07-07
2017-07-07T05:39:57Z,23.1,2017-07-07
2017-07-07T06:39:57Z,23.677,2017-07-07
2017-07-07T07:39:57Z,26,2017-07-07
2017-07-07T08:39:57Z,28.555,2017-07-07
2017-07-07T09:39:57Z,31.676,2017-07-07
2017-07-07T10:39:57Z,32.6,2017-07-07
2017-07-07T11:39:57Z,32.807,2017-07-07
2017-07-07T12:39:57Z,33.326,2017-07-07
2017-07-07T13:39:57Z,34.374,2017-07-07
2017-07-07T14:39:57Z,33.118,2017-07-07
2017-07-07T15:39:57Z,31.983,2017-07-07
2017-07-07T16:39:57Z,24.641,2017-07-07
2017-07-07T17:39:57Z,24.545,2017-07-07
2017-07-07T18:39:57Z,24.351,2017-07-07
2017-07-07T19:39:57Z,24.158,2017-07-07
2017-07-07T20:39:57Z,24.158,2017-07-07
2017-07-07T21:39:57Z,24.062,2017-07-07
2017-07-07T22:39:57Z,23.773,2017-07-07
2017-07-07T23:39:57Z,23.869,2017-07-07
2017-07-08T00:39:57Z,23.773,2017-07-08
2017-07-08T01:39:57Z,23.484,2017-07-08
2017-07-08T02:39:57Z,23.292,2017-07-08
2017-07-08T03:39:57Z,23.1,2017-07-08
2017-07-08T04:39:57Z,22.812,2017-07-08
2017-07-08T05:39:57Z,22.908,2017-07-08
2017-07-08T06:39:57Z,23.966,2017-07-08
2017-07-08T07:39:57Z,25.028,2017-07-08
2017-07-08T08:39:57Z,27.764,2017-07-08
2017-07-08T09:39:57Z,30.255,2017-07-08
2017-07-08T10:39:57Z,33.535,2017-07-08
2017-07-08T11:39:57Z,32.704,2017-07-08
2017-07-08T12:39:57Z,32.394,2017-07-08
2017-07-08T13:39:57Z,34.796,2017-07-08
2017-07-08T14:39:57Z,32.188,2017-07-08
2017-07-08T15:39:57Z,32.291,2017-07-08
2017-07-08T16:39:57Z,30.963,2017-07-08
2017-07-08T17:39:57Z,30.154,2017-07-08
2017-07-08T18:39:57Z,23.004,2017-07-08
2017-07-08T19:39:57Z,23.004,2017-07-08
2017-07-08T20:39:57Z,23.004,2017-07-08
2017-07-08T21:39:57Z,22.908,2017-07-08
2017-07-08T22:39:57Z,22.908,2017-07-08
2017-07-08T23:39:57Z,22.812,2017-07-08
2017-07-09T00:39:57Z,22.621,2017-07-09
2017-07-09T01:39:57Z,22.429,2017-07-09
2017-07-09T02:39:57Z,22.429,2017-07-09
2017-07-09T03:39:57Z,22.429,2017-07-09
2017-07-09T04:39:57Z,22.238,2017-07-09
2017-07-09T05:39:57Z,22.333,2017-07-09
2017-07-09T06:39:57Z,22.812,2017-07-09
2017-07-09T07:39:57Z,24.448,2017-07-09
2017-07-09T08:39:57Z,26.39,2017-07-09
2017-07-09T09:39:57Z,29.953,2017-07-09
2017-07-09T10:39:57Z,31.983,2017-07-09
2017-07-09T11:39:57Z,33.43,2017-07-09
2017-07-09T12:39:57Z,33.326,2017-07-09
2017-07-09T13:39:57Z,35.115,2017-07-09
2017-07-09T14:39:57Z,35.009,2017-07-09
2017-07-09T15:39:57Z,35.971,2017-07-09
2017-07-09T16:39:57Z,34.691,2017-07-09
2017-07-09T17:39:57Z,32.394,2017-07-09
2017-07-09T18:39:57Z,29.953,2017-07-09
2017-07-09T19:39:57Z,27.272,2017-07-09
2017-07-09T20:39:57Z,26,2017-07-09
2017-07-09T21:39:57Z,25.416,2017-07-09
2017-07-09T22:39:57Z,25.222,2017-07-09
2017-07-09T23:39:57Z,24.738,2017-07-09
2017-07-10T00:39:57Z,24.158,2017-07-10
2017-07-10T01:39:57Z,23.677,2017-07-10
2017-07-10T02:39:57Z,23.484,2017-07-10
2017-07-10T03:39:57Z,23.292,2017-07-10
2017-07-10T04:39:57Z,23.1,2017-07-10
2017-07-10T05:39:57Z,23.004,2017-07-10
2017-07-10T06:39:57Z,25.319,2017-07-10
2017-07-10T07:39:57Z,28.555,2017-07-10
2017-07-10T08:39:57Z,31.064,2017-07-10
2017-07-10T09:39:57Z,32.704,2017-07-10
2017-07-10T10:39:57Z,33.118,2017-07-10
2017-07-10T11:39:57Z,34.268,2017-07-10
2017-07-10T12:39:57Z,36.187,2017-07-10
2017-07-10T13:39:57Z,37.165,2017-07-10
2017-07-10T14:39:57Z,35.328,2017-07-10
2017-07-10T15:39:57Z,36.295,2017-07-10
2017-07-10T16:39:57Z,35.542,2017-07-10
2017-07-10T17:39:57Z,34.268,2017-07-10
2017-07-10T18:39:57Z,29.853,2017-07-10
2017-07-10T19:39:57Z,27.37,2017-07-10
2017-07-10T20:39:57Z,26.097,2017-07-10
2017-07-10T21:39:57Z,25.028,2017-07-10
2017-07-10T22:39:57Z,24.351,2017-07-10
2017-07-10T23:39:57Z,23.773,2017-07-10
2017-07-11T00:39:57Z,23.292,2017-07-11
2017-07-11T01:39:57Z,22.908,2017-07-11
2017-07-11T02:39:57Z,22.525,2017-07-11
2017-07-11T03:39:57Z,22.333,2017-07-11
2017-07-11T04:39:57Z,22.046,2017-07-11
2017-07-11T05:39:57Z,22.046,2017-07-11
2017-07-11T06:39:57Z,23.966,2017-07-11
2017-07-11T07:39:57Z,29.552,2017-07-11
2017-07-11T08:39:57Z,31.268,2017-07-11
2017-07-11T09:39:57Z,33.222,2017-07-11
2017-07-11T10:39:57Z,34.374,2017-07-11
2017-07-11T11:39:57Z,34.903,2017-07-11
2017-07-11T12:39:57Z,37.165,2017-07-11
2017-07-11T13:39:57Z,37.384,2017-07-11
2017-07-11T14:39:57Z,38.046,2017-07-11
2017-07-11T15:39:57Z,37.384,2017-07-11
2017-07-11T16:39:57Z,37.055,2017-07-11
2017-07-11T17:39:57Z,35.756,2017-07-11
2017-07-11T18:39:57Z,23.773,2017-07-11
2017-07-11T19:39:57Z,23.292,2017-07-11
2017-07-11T20:39:57Z,23.292,2017-07-11
2017-07-11T21:39:57Z,23.388,2017-07-11
2017-07-11T22:39:57Z,23.004,2017-07-11
2017-07-11T23:39:57Z,22.812,2017-07-11
2017-07-12T00:39:57Z,22.717,2017-07-12
2017-07-12T01:39:57Z,22.429,2017-07-12
2017-07-12T02:39:57Z,22.429,2017-07-12
2017-07-12T03:39:57Z,22.525,2017-07-12
2017-07-12T04:39:57Z,22.429,2017-07-12
2017-07-12T05:39:57Z,22.429,2017-07-12
2017-07-12T06:39:57Z,23.292,2017-07-12
2017-07-12T07:39:57Z,24.448,2017-07-12
2017-07-12T08:39:57Z,27.173,2017-07-12
2017-07-12T09:39:57Z,31.166,2017-07-12
2017-07-12T10:39:57Z,33.743,2017-07-12
2017-07-12T11:39:57Z,35.328,2017-07-12
2017-07-12T12:39:57Z,36.079,2017-07-12
2017-07-12T13:39:57Z,36.837,2017-07-12
2017-07-12T14:39:57Z,37.824,2017-07-12
2017-07-12T15:39:57Z,37.494,2017-07-12
2017-07-12T16:39:57Z,37.494,2017-07-12
2017-07-12T17:39:57Z,36.946,2017-07-12
2017-07-12T18:39:57Z,29.152,2017-07-12
2017-07-12T19:39:57Z,28.357,2017-07-12
2017-07-12T20:39:57Z,26.488,2017-07-12
2017-07-12T21:39:57Z,26,2017-07-12
2017-07-12T22:39:57Z,25.222,2017-07-12
2017-07-12T23:39:57Z,24.641,2017-07-12
2017-07-13T00:39:57Z,24.158,2017-07-13
2017-07-13T01:39:57Z,23.869,2017-07-13
2017-07-13T02:39:57Z,23.581,2017-07-13
2017-07-13T03:39:57Z,23.292,2017-07-13
2017-07-13T04:39:57Z,23.196,2017-07-13
2017-07-13T05:39:57Z,22.908,2017-07-13
2017-07-13T06:39:57Z,23.869,2017-07-13
2017-07-13T07:39:57Z,28.853,2017-07-13
2017-07-13T08:39:57Z,31.676,2017-07-13
2017-07-13T09:39:57Z,33.743,2017-07-13
2017-07-13T10:39:57Z,35.328,2017-07-13
2017-07-13T11:39:57Z,35.435,2017-07-13
2017-07-13T12:39:57Z,36.511,2017-07-13
2017-07-13T13:39:57Z,37.494,2017-07-13
2017-07-13T14:39:57Z,37.055,2017-07-13
2017-07-13T15:39:57Z,37.604,2017-07-13
2017-07-13T16:39:57Z,32.497,2017-07-13
2017-07-13T17:39:57Z,31.166,2017-07-13
2017-07-13T18:39:57Z,30.054,2017-07-13
2017-07-13T19:39:57Z,26.977,2017-07-13
2017-07-13T20:39:57Z,26,2017-07-13
2017-07-13T21:39:57Z,25.416,2017-07-13
2017-07-13T22:39:57Z,24.738,2017-07-13
2017-07-13T23:39:57Z,24.545,2017-07-13
2017-07-14T00:39:57Z,24.351,2017-07-14
2017-07-14T01:39:57Z,23.869,2017-07-14
2017-07-14T02:39:57Z,23.581,2017-07-14
2017-07-14T03:39:57Z,23.292,2017-07-14
2017-07-14T04:39:57Z,23.004,2017-07-14
2017-07-14T05:39:57Z,22.812,2017-07-14
2017-07-14T06:39:57Z,24.738,2017-07-14
2017-07-14T07:39:57Z,30.356,2017-07-14
2017-07-14T08:39:57Z,31.88,2017-07-14
2017-07-14T09:39:57Z,33.326,2017-07-14
2017-07-14T10:39:57Z,35.009,2017-07-14
2017-07-14T11:39:57Z,36.079,2017-07-14
2017-07-14T12:39:57Z,37.165,2017-07-14
2017-07-14T13:39:57Z,36.946,2017-07-14
2017-07-14T14:39:57Z,37.274,2017-07-14
2017-07-14T15:39:57Z,36.079,2017-07-14
2017-07-14T16:39:57Z,35.222,2017-07-14
2017-07-14T17:39:57Z,30.659,2017-07-14
2017-07-14T18:39:57Z,23.1,2017-07-14
2017-07-14T19:39:57Z,23.1,2017-07-14
2017-07-14T20:39:57Z,23.1,2017-07-14
2017-07-14T21:39:57Z,23.196,2017-07-14
2017-07-14T22:39:57Z,23.1,2017-07-14
2017-07-14T23:39:57Z,23.1,2017-07-14
2017-07-15T00:39:57Z,23.004,2017-07-15
2017-07-15T01:39:57Z,23.004,2017-07-15
2017-07-15T02:39:57Z,23.004,2017-07-15
2017-07-15T03:39:57Z,22.812,2017-07-15
2017-07-15T04:39:57Z,22.525,2017-07-15
2017-07-15T05:39:57Z,22.429,2017-07-15
2017-07-15T06:39:57Z,23.966,2017-07-15
2017-07-15T07:39:57Z,26.977,2017-07-15
2017-07-15T08:39:57Z,30.963,2017-07-15
2017-07-15T09:39:57Z,31.983,2017-07-15
2017-07-15T10:39:57Z,34.163,2017-07-15
2017-07-15T11:39:57Z,35.009,2017-07-15
2017-07-15T12:39:57Z,35.328,2017-07-15
2017-07-15T13:39:57Z,36.079,2017-07-15
2017-07-15T14:39:57Z,36.295,2017-07-15
2017-07-15T15:39:57Z,36.728,2017-07-15
2017-07-15T16:39:57Z,37.384,2017-07-15
2017-07-15T17:39:57Z,36.62,2017-07-15
2017-07-15T18:39:57Z,30.154,2017-07-15
2017-07-15T19:39:57Z,27.468,2017-07-15
2017-07-15T20:39:57Z,26.488,2017-07-15
2017-07-15T21:39:57Z,25.61,2017-07-15
2017-07-15T22:39:57Z,24.738,2017-07-15
2017-07-15T23:39:57Z,24.448,2017-07-15
2017-07-16T00:39:57Z,24.158,2017-07-16
2017-07-16T01:39:57Z,23.581,2017-07-16
2017-07-16T02:39:57Z,23.196,2017-07-16
2017-07-16T03:39:57Z,23.004,2017-07-16
2017-07-16T04:39:57Z,22.812,2017-07-16
2017-07-16T05:39:57Z,22.429,2017-07-16
2017-07-16T06:39:57Z,24.351,2017-07-16
2017-07-16T07:39:57Z,29.252,2017-07-16
2017-07-16T08:39:57Z,32.6,2017-07-16
2017-07-16T09:39:57Z,33.848,2017-07-16
2017-07-16T10:39:57Z,34.585,2017-07-16
2017-07-16T11:39:57Z,35.649,2017-07-16
2017-07-16T12:39:57Z,36.295,2017-07-16
2017-07-16T13:39:57Z,36.511,2017-07-16
2017-07-16T14:39:57Z,36.62,2017-07-16
2017-07-16T15:39:57Z,37.274,2017-07-16
2017-07-16T16:39:57Z,36.295,2017-07-16
2017-07-16T17:39:57Z,35.971,2017-07-16
2017-07-16T18:39:57Z,31.268,2017-07-16
2017-07-16T19:39:57Z,29.752,2017-07-16
2017-07-16T20:39:57Z,27.764,2017-07-16
2017-07-16T21:39:57Z,26.39,2017-07-16
2017-07-16T22:39:57Z,25.708,2017-07-16
2017-07-16T23:39:57Z,25.125,2017-07-16
2017-07-17T00:39:57Z,24.448,2017-07-17
2017-07-17T01:39:57Z,23.966,2017-07-17
2017-07-17T02:39:57Z,23.677,2017-07-17
2017-07-17T03:39:57Z,23.388,2017-07-17
2017-07-17T04:39:57Z,23.004,2017-07-17
2017-07-17T05:39:57Z,22.908,2017-07-17
2017-07-17T06:39:57Z,24.448,2017-07-17
2017-07-17T07:39:57Z,29.252,2017-07-17
2017-07-17T08:39:57Z,31.778,2017-07-17
2017-07-17T09:39:57Z,33.118,2017-07-17
2017-07-17T10:39:57Z,34.796,2017-07-17
2017-07-17T11:39:57Z,33.639,2017-07-17
2017-07-17T12:39:57Z,36.079,2017-07-17
2017-07-17T13:39:57Z,25.902,2017-07-17
2017-07-17T14:39:57Z,26.195,2017-07-17
2017-07-17T15:39:57Z,28.06,2017-07-17
2017-07-17T16:39:57Z,27.567,2017-07-17
2017-07-17T17:39:57Z,27.075,2017-07-17
2017-07-17T18:39:57Z,26.292,2017-07-17
2017-07-17T19:39:57Z,25.028,2017-07-17
2017-07-17T20:39:57Z,24.448,2017-07-17
2017-07-17T21:39:57Z,24.062,2017-07-17
2017-07-17T22:39:57Z,23.677,2017-07-17
2017-07-17T23:39:57Z,23.292,2017-07-17
2017-07-18T00:39:57Z,23.292,2017-07-18
2017-07-18T01:39:57Z,23.196,2017-07-18
2017-07-18T02:39:57Z,23.1,2017-07-18
2017-07-18T03:39:57Z,22.908,2017-07-18
2017-07-18T04:39:57Z,22.717,2017-07-18
2017-07-18T05:39:57Z,22.717,2017-07-18
2017-07-18T06:39:57Z,23.484,2017-07-18
2017-07-18T07:39:57Z,25.222,2017-07-18
2017-07-18T08:39:57Z,29.152,2017-07-18
2017-07-18T09:39:57Z,31.166,2017-07-18
2017-07-18T10:39:57Z,29.953,2017-07-18
2017-07-18T11:39:57Z,31.983,2017-07-18
2017-07-18T12:39:57Z,33.014,2017-07-18
2017-07-18T13:39:57Z,32.6,2017-07-18
2017-07-18T14:39:57Z,33.535,2017-07-18
2017-07-18T15:39:57Z,33.326,2017-07-18
2017-07-18T16:39:57Z,30.76,2017-07-18
2017-07-18T17:39:57Z,28.258,2017-07-18
2017-07-18T18:39:57Z,27.173,2017-07-18
2017-07-18T19:39:57Z,25.902,2017-07-18
2017-07-18T20:39:57Z,25.222,2017-07-18
2017-07-18T21:39:57Z,24.931,2017-07-18
2017-07-18T22:39:57Z,24.545,2017-07-18
2017-07-18T23:39:57Z,23.773,2017-07-18
2017-07-19T00:39:57Z,23.196,2017-07-19
2017-07-19T01:39:57Z,22.908,2017-07-19
2017-07-19T02:39:57Z,22.621,2017-07-19
2017-07-19T03:39:57Z,22.429,2017-07-19
2017-07-19T04:39:57Z,22.046,2017-07-19
2017-07-19T05:39:57Z,22.046,2017-07-19
2017-07-19T06:39:57Z,23.004,2017-07-19
2017-07-19T07:39:57Z,28.853,2017-07-19
2017-07-19T08:39:57Z,31.166,2017-07-19
2017-07-19T09:39:57Z,32.394,2017-07-19
2017-07-19T10:39:57Z,34.058,2017-07-19
2017-07-19T11:39:57Z,34.903,2017-07-19
2017-07-19T12:39:57Z,36.62,2017-07-19
2017-07-19T13:39:57Z,36.946,2017-07-19
2017-07-19T14:39:57Z,34.374,2017-07-19
2017-07-19T15:39:57Z,36.837,2017-07-19
2017-07-19T16:39:57Z,33.639,2017-07-19
2017-07-19T17:39:57Z,29.752,2017-07-19
2017-07-19T18:39:57Z,27.961,2017-07-19
2017-07-19T19:39:57Z,26,2017-07-19
2017-07-19T20:39:57Z,24.738,2017-07-19
2017-07-19T21:39:57Z,23.966,2017-07-19
2017-07-19T22:39:57Z,23.388,2017-07-19
2017-07-19T23:39:57Z,23.004,2017-07-19
2017-07-20T00:39:57Z,22.621,2017-07-20
2017-07-20T01:39:57Z,22.333,2017-07-20
2017-07-20T02:39:57Z,21.951,2017-07-20
2017-07-20T03:39:57Z,21.664,2017-07-20
2017-07-20T04:39:57Z,21.569,2017-07-20
2017-07-20T05:39:57Z,21.569,2017-07-20
2017-07-20T06:39:57Z,22.525,2017-07-20
2017-07-20T07:39:57Z,27.37,2017-07-20
2017-07-20T08:39:57Z,30.659,2017-07-20
2017-07-20T09:39:57Z,32.6,2017-07-20
2017-07-20T10:39:57Z,33.639,2017-07-20
2017-07-20T11:39:57Z,34.691,2017-07-20
2017-07-20T12:39:57Z,35.328,2017-07-20
2017-07-20T13:39:57Z,36.295,2017-07-20
2017-07-20T14:39:57Z,37.165,2017-07-20
2017-07-20T15:39:57Z,37.274,2017-07-20
2017-07-20T16:39:57Z,36.62,2017-07-20
2017-07-20T17:39:57Z,34.796,2017-07-20
2017-07-20T18:39:57Z,30.154,2017-07-20
2017-07-20T19:39:57Z,27.665,2017-07-20
2017-07-20T20:39:57Z,26.488,2017-07-20
2017-07-20T21:39:57Z,25.61,2017-07-20
2017-07-20T22:39:57Z,25.125,2017-07-20
2017-07-20T23:39:57Z,24.545,2017-07-20
2017-07-21T00:39:57Z,24.062,2017-07-21
2017-07-21T01:39:57Z,23.773,2017-07-21
2017-07-21T02:39:57Z,23.484,2017-07-21
2017-07-21T03:39:57Z,23.196,2017-07-21
2017-07-21T04:39:57Z,22.908,2017-07-21
2017-07-21T05:39:57Z,22.908,2017-07-21
2017-07-21T06:39:57Z,24.448,2017-07-21
2017-07-21T07:39:57Z,30.154,2017-07-21
2017-07-21T08:39:57Z,32.911,2017-07-21
2017-07-21T09:39:57Z,33.222,2017-07-21
2017-07-21T10:39:57Z,35.435,2017-07-21
2017-07-21T11:39:57Z,36.403,2017-07-21
2017-07-21T12:39:57Z,36.079,2017-07-21
2017-07-21T13:39:57Z,35.756,2017-07-21
2017-07-21T14:39:57Z,35.222,2017-07-21
2017-07-21T15:39:57Z,36.837,2017-07-21
2017-07-21T16:39:57Z,37.824,2017-07-21
2017-07-21T17:39:57Z,36.511,2017-07-21
2017-07-21T18:39:57Z,31.676,2017-07-21
2017-07-21T19:39:57Z,28.258,2017-07-21
2017-07-21T20:39:57Z,26.781,2017-07-21
2017-07-21T21:39:57Z,26,2017-07-21
2017-07-21T22:39:57Z,25.319,2017-07-21
2017-07-21T23:39:57Z,24.738,2017-07-21
2017-07-22T00:39:57Z,24.255,2017-07-22
2017-07-22T01:39:57Z,23.966,2017-07-22
2017-07-22T02:39:57Z,23.677,2017-07-22
2017-07-22T03:39:57Z,23.196,2017-07-22
2017-07-22T04:39:57Z,22.908,2017-07-22
2017-07-22T05:39:57Z,22.717,2017-07-22
2017-07-22T06:39:57Z,24.448,2017-07-22
2017-07-22T07:39:57Z,30.862,2017-07-22
2017-07-22T08:39:57Z,32.807,2017-07-22
2017-07-22T09:39:57Z,34.691,2017-07-22
2017-07-22T10:39:57Z,35.435,2017-07-22
2017-07-22T11:39:57Z,36.187,2017-07-22
2017-07-22T12:39:57Z,37.714,2017-07-22
2017-07-22T13:39:57Z,37.165,2017-07-22
2017-07-22T14:39:57Z,37.494,2017-07-22
2017-07-22T15:39:57Z,37.604,2017-07-22
2017-07-22T16:39:57Z,38.046,2017-07-22
2017-07-22T17:39:57Z,35.971,2017-07-22
2017-07-22T18:39:57Z,32.291,2017-07-22
2017-07-22T19:39:57Z,28.06,2017-07-22
2017-07-22T20:39:57Z,27.075,2017-07-22
2017-07-22T21:39:57Z,26.097,2017-07-22
2017-07-22T22:39:57Z,25.125,2017-07-22
2017-07-22T23:39:57Z,24.641,2017-07-22
2017-07-23T00:39:57Z,24.255,2017-07-23
2017-07-23T01:39:57Z,23.581,2017-07-23
2017-07-23T02:39:57Z,23.004,2017-07-23
2017-07-23T03:39:57Z,22.812,2017-07-23
2017-07-23T04:39:57Z,22.238,2017-07-23
2017-07-23T05:39:57Z,22.238,2017-07-23
2017-07-23T06:39:57Z,24.062,2017-07-23
2017-07-23T07:39:57Z,28.456,2017-07-23
2017-07-23T08:39:57Z,31.268,2017-07-23
2017-07-23T09:39:57Z,34.796,2017-07-23
2017-07-23T10:39:57Z,35.971,2017-07-23
2017-07-23T11:39:57Z,34.691,2017-07-23
2017-07-23T12:39:57Z,36.511,2017-07-23
2017-07-23T13:39:57Z,36.403,2017-07-23
2017-07-23T14:39:57Z,36.837,2017-07-23
2017-07-23T15:39:57Z,37.714,2017-07-23
2017-07-23T16:39:57Z,38.379,2017-07-23
2017-07-23T17:39:57Z,36.62,2017-07-23
2017-07-23T18:39:57Z,31.983,2017-07-23
2017-07-23T19:39:57Z,28.555,2017-07-23
2017-07-23T20:39:57Z,27.272,2017-07-23
2017-07-23T21:39:57Z,26.195,2017-07-23
2017-07-23T22:39:57Z,25.708,2017-07-23
2017-07-23T23:39:57Z,25.222,2017-07-23
2017-07-24T00:39:57Z,24.641,2017-07-24
2017-07-24T01:39:57Z,24.158,2017-07-24
2017-07-24T02:39:57Z,23.773,2017-07-24
2017-07-24T03:39:57Z,23.484,2017-07-24
2017-07-24T04:39:57Z,23.292,2017-07-24
2017-07-24T05:39:57Z,23.004,2017-07-24
2017-07-24T06:39:57Z,24.641,2017-07-24
2017-07-24T07:39:57Z,30.154,2017-07-24
2017-07-24T08:39:57Z,33.535,2017-07-24
2017-07-24T09:39:57Z,35.328,2017-07-24
2017-07-24T10:39:57Z,35.864,2017-07-24
2017-07-24T11:39:57Z,36.946,2017-07-24
2017-07-24T12:39:57Z,38.157,2017-07-24
2017-07-24T13:39:57Z,38.268,2017-07-24
2017-07-24T14:39:57Z,39.163,2017-07-24
2017-07-24T15:39:57Z,39.276,2017-07-24
2017-07-24T16:39:57Z,38.379,2017-07-24
